{
         
"theme": {
        "file": "/ventoy/sleek/theme.txt",
        "gfxmode": "1920x1080",
        "display_mode": "GUI",
        "serial_param": "--unit=0 --speed=9600",
        "ventoy_left": "5%",
        "ventoy_top": "95%",
        "ventoy_color": "#0000ff"
        
    },
      
    
     "menu_class": [
        {
            "key": "kali-linux-2020.1a-installer-amd64",
            "class": "kali-linux"
        },

	{
            "key": "Ubuntu-installer-amd64",
            "class": "ubuntu-9"
        },
	{
            "key": "W8.1_X64.PROVL.ENU_MAR_2022",
            "class": "windows8"
        },
	{
            "key": "Window_10_ 64_PRO_EN_JAN_2022",
            "class": "windows-10"
        },
	{
            "key": "Window_11_PRO.ENU.MAY2022",
            "class": "windows-11"
        },

        {
            "key": "Windows_7_Sp1_7601.23879_X64_Aio",
            "class": "windows7"
        }        
              
    ]

}